Carrier,Arrival Delay,Departure Delay,Flight Time,Typical Flight Time,Time Added
NK,14.88135593220339,17.084745762711865,267.5593220338983,271.4554916949153,-3.896169661016984
UA,11.194630872483222,19.969798657718123,269.1744966442953,270.65381953020136,-1.4793228859060719
F9,23.275862068965516,13.310344827586206,275.3103448275862,276.07559689655176,-0.7652520689655375
AA,3.26056338028169,13.651408450704226,267.50704225352115,256.40136183098593,11.105680422535215
VX,-1.5689655172413792,5.9655172413793105,265.91379310344826,243.88594172413795,22.027851379310306
